1,2010,Aguascalientes,1,1,Masculina,1178.360659
2,2010,Aguascalientes,1,1,Femenina,205.8583399
3,2010,Baja California,2,2,Masculina,16388.55408
4,2010,Baja California,2,2,Femenina,3870.744708
5,2010,Baja California Sur,3,3,Masculina,4344.320829
6,2010,Baja California Sur,3,3,Femenina,778.8138181
7,2010,Campeche,4,4,Masculina,35364.0277
8,2010,Campeche,4,4,Femenina,6343.073479
9,2010,Coahuila,5,5,Masculina,2834.354976
10,2010,Coahuila,5,5,Femenina,580.0540416
11,2010,Colima,6,6,Masculina,1602.246536
12,2010,Colima,6,6,Femenina,290.0270208
13,2010,Chiapas,7,7,Masculina,250603.5985
14,2010,Chiapas,7,7,Femenina,38134.47994
15,2010,Chihuahua,8,8,Masculina,28507.82416
16,2010,Chihuahua,8,8,Femenina,5854.277534
17,2010,Distrito Federal,9,9,Masculina,51175.57044
18,2010,Distrito Federal,9,9,Femenina,16207.03443
19,2010,Durango,10,10,Masculina,6807.516445
20,2010,Durango,10,10,Femenina,1603.256104
21,2010,Guanajuato,11,11,Masculina,5565.273742
22,2010,Guanajuato,11,11,Femenina,1197.629061
23,2010,Guerrero,12,12,Masculina,99066.51478
24,2010,Guerrero,12,12,Femenina,28107.24713
25,2010,Hidalgo,13,13,Masculina,103696.8225
26,2010,Hidalgo,13,13,Femenina,24076.29478
27,2010,Jalisco,14,14,Masculina,15979.87525
28,2010,Jalisco,14,14,Femenina,3350.519493
29,2010,Mexico,15,15,Masculina,161331.0766
30,2010,Mexico,15,15,Femenina,41680.73365
31,2010,Michoacan,16,16,Masculina,37087.96463
32,2010,Michoacan,16,16,Femenina,8918.831928
33,2010,Morelos,17,17,Masculina,11853.58609
34,2010,Morelos,17,17,Femenina,3283.591694
35,2010,Nayarit,18,18,Masculina,11548.3474
36,2010,Nayarit,18,18,Femenina,2505.789611
37,2010,Nuevo Leon,19,19,Masculina,16687.70858
38,2010,Nuevo Leon,19,19,Femenina,1943.990188
39,2010,Oaxaca,20,20,Masculina,309667.7093
40,2010,Oaxaca,20,20,Femenina,91025.87625
41,2010,Puebla,21,21,Masculina,172033.6811
42,2010,Puebla,21,21,Femenina,50204.07597
43,2010,Queretaro,22,22,Masculina,9212.921273
44,2010,Queretaro,22,22,Femenina,2488.553528
45,2010,Quintana Roo,23,23,Masculina,80077.87296
46,2010,Quintana Roo,23,23,Femenina,15416.05058
47,2010,San Luis Potosi,24,24,Masculina,67838.94051
48,2010,San Luis Potosi,24,24,Femenina,11456.06373
49,2010,Sinaloa,25,25,Masculina,9537.425737
50,2010,Sinaloa,25,25,Femenina,2107.257308
51,2010,Sonora,26,26,Masculina,23411.06225
52,2010,Sonora,26,26,Femenina,5455.752483
53,2010,Tabasco,27,27,Masculina,22133.32055
54,2010,Tabasco,27,27,Femenina,3941.730874
55,2010,Tamaulipas,28,28,Masculina,11983.38918
56,2010,Tamaulipas,28,28,Femenina,2247.202371
57,2010,Tlaxcala,29,29,Masculina,11688.29131
58,2010,Tlaxcala,29,29,Femenina,2640.664433
59,2010,Veracruz,30,30,Masculina,192910.5542
60,2010,Veracruz,30,30,Femenina,43902.58042
61,2010,Yucatan,31,31,Masculina,190663.355
62,2010,Yucatan,31,31,Femenina,41125.01943
63,2010,Zacatecas,32,32,Masculina,1875.03483
64,2010,Zacatecas,32,32,Femenina,298.1396647
65,2011,Aguascalientes,1,1,Masculina,1204.936863
66,2011,Aguascalientes,1,1,Femenina,213.1313125
67,2011,Baja California,2,2,Masculina,16723.97174
68,2011,Baja California,2,2,Femenina,4007.503617
69,2011,Baja California Sur,3,3,Masculina,4491.336344
70,2011,Baja California Sur,3,3,Femenina,816.7531388
71,2011,Campeche,4,4,Masculina,36271.84648
72,2011,Campeche,4,4,Femenina,6605.802235
73,2011,Coahuila,5,5,Masculina,2879.339486
74,2011,Coahuila,5,5,Femenina,598.6593646
75,2011,Colima,6,6,Masculina,1639.738126
76,2011,Colima,6,6,Femenina,300.458917
77,2011,Chiapas,7,7,Masculina,255690.4641
78,2011,Chiapas,7,7,Femenina,39537.68786
79,2011,Chihuahua,8,8,Masculina,28869.90894
80,2011,Chihuahua,8,8,Femenina,6021.826991
81,2011,Distrito Federal,9,9,Masculina,51171.63493
82,2011,Distrito Federal,9,9,Femenina,16437.24307
83,2011,Durango,10,10,Masculina,6917.718616
84,2011,Durango,10,10,Femenina,1651.574414
85,2011,Guanajuato,11,11,Masculina,5641.868636
86,2011,Guanajuato,11,11,Femenina,1233.492647
87,2011,Guerrero,12,12,Masculina,100194.6557
88,2011,Guerrero,12,12,Femenina,28807.25214
89,2011,Hidalgo,13,13,Masculina,105911.8679
90,2011,Hidalgo,13,13,Femenina,24908.37771
91,2011,Jalisco,14,14,Masculina,16214.05744
92,2011,Jalisco,14,14,Femenina,3445.674023
93,2011,Mexico,15,15,Masculina,165441.4412
94,2011,Mexico,15,15,Femenina,43449.57262
95,2011,Michoacan,16,16,Masculina,37576.44713
96,2011,Michoacan,16,16,Femenina,9161.276497
97,2011,Morelos,17,17,Masculina,12060.14258
98,2011,Morelos,17,17,Femenina,3386.946202
99,2011,Nayarit,18,18,Masculina,11807.92071
100,2011,Nayarit,18,18,Femenina,2593.470826
101,2011,Nuevo Leon,19,19,Masculina,16778.39349
102,2011,Nuevo Leon,19,19,Femenina,2000.297824
103,2011,Oaxaca,20,20,Masculina,312957.116
104,2011,Oaxaca,20,20,Femenina,93264.28665
105,2011,Puebla,21,21,Masculina,174930.5061
106,2011,Puebla,21,21,Femenina,51774.28676
107,2011,Queretaro,22,22,Masculina,9442.859493
108,2011,Queretaro,22,22,Femenina,2588.558438
109,2011,Quintana Roo,23,23,Masculina,83631.65314
110,2011,Quintana Roo,23,23,Femenina,16353.09817
111,2011,San Luis Potosi,24,24,Masculina,68938.64045
112,2011,San Luis Potosi,24,24,Femenina,11793.65105
113,2011,Sinaloa,25,25,Masculina,9698.33165
114,2011,Sinaloa,25,25,Femenina,2176.083744
115,2011,Sonora,26,26,Masculina,23974.97012
116,2011,Sonora,26,26,Femenina,5657.320841
117,2011,Tabasco,27,27,Masculina,22612.33618
118,2011,Tabasco,27,27,Femenina,4085.102032
119,2011,Tamaulipas,28,28,Masculina,12129.77431
120,2011,Tamaulipas,28,28,Femenina,2310.384752
121,2011,Tlaxcala,29,29,Masculina,11967.47032
122,2011,Tlaxcala,29,29,Femenina,2737.19751
123,2011,Veracruz,30,30,Masculina,195966.9726
124,2011,Veracruz,30,30,Femenina,45158.6748
125,2011,Yucatan,31,31,Masculina,194591.0134
126,2011,Yucatan,31,31,Femenina,42541.14852
127,2011,Zacatecas,32,32,Masculina,1893.651087
128,2011,Zacatecas,32,32,Femenina,306.065175
129,2012,Aguascalientes,1,1,Masculina,1231.376479
130,2012,Aguascalientes,1,1,Femenina,220.5847911
131,2012,Baja California,2,2,Masculina,17060.57387
132,2012,Baja California,2,2,Femenina,4147.280975
133,2012,Baja California Sur,3,3,Masculina,4635.160587
134,2012,Baja California Sur,3,3,Femenina,855.0577555
135,2012,Campeche,4,4,Masculina,37139.07835
136,2012,Campeche,4,4,Femenina,6877.547563
137,2012,Coahuila,5,5,Masculina,2924.595444
138,2012,Coahuila,5,5,Femenina,617.5945123
139,2012,Colima,6,6,Masculina,1676.268294
140,2012,Colima,6,6,Femenina,311.0229543
141,2012,Chiapas,7,7,Masculina,260465.8559
142,2012,Chiapas,7,7,Femenina,40982.10455
143,2012,Chihuahua,8,8,Masculina,29270.10312
144,2012,Chihuahua,8,8,Femenina,6192.716197
145,2012,Distrito Federal,9,9,Masculina,51154.47711
146,2012,Distrito Federal,9,9,Femenina,16664.60366
147,2012,Durango,10,10,Masculina,7021.643222
148,2012,Durango,10,10,Femenina,1700.477514
149,2012,Guanajuato,11,11,Masculina,5718.095601
150,2012,Guanajuato,11,11,Femenina,1270.315952
151,2012,Guerrero,12,12,Masculina,101297.3236
152,2012,Guerrero,12,12,Femenina,29519.25841
153,2012,Hidalgo,13,13,Masculina,108083.1412
154,2012,Hidalgo,13,13,Femenina,25766.52474
155,2012,Jalisco,14,14,Masculina,16447.37607
156,2012,Jalisco,14,14,Femenina,3542.234868
157,2012,Mexico,15,15,Masculina,169502.1219
158,2012,Mexico,15,15,Femenina,45271.83871
159,2012,Michoacan,16,16,Masculina,38069.08893
160,2012,Michoacan,16,16,Femenina,9411.731648
161,2012,Morelos,17,17,Masculina,12271.93951
162,2012,Morelos,17,17,Femenina,3492.949812
163,2012,Nayarit,18,18,Masculina,12062.9032
164,2012,Nayarit,18,18,Femenina,2682.586558
165,2012,Nuevo Leon,19,19,Masculina,16849.30935
166,2012,Nuevo Leon,19,19,Femenina,2057.3953
167,2012,Oaxaca,20,20,Masculina,316175.1666
168,2012,Oaxaca,20,20,Femenina,95547.83774
169,2012,Puebla,21,21,Masculina,177818.6309
170,2012,Puebla,21,21,Femenina,53387.98419
171,2012,Queretaro,22,22,Masculina,9671.247144
172,2012,Queretaro,22,22,Femenina,2692.048175
173,2012,Quintana Roo,23,23,Masculina,87213.68375
174,2012,Quintana Roo,23,23,Femenina,17322.41467
175,2012,San Luis Potosi,24,24,Masculina,69997.26863
176,2012,San Luis Potosi,24,24,Femenina,12140.23913
177,2012,Sinaloa,25,25,Masculina,9858.219969
178,2012,Sinaloa,25,25,Femenina,2246.760492
179,2012,Sonora,26,26,Masculina,24551.33566
180,2012,Sonora,26,26,Femenina,5864.530571
181,2012,Tabasco,27,27,Masculina,23067.00834
182,2012,Tabasco,27,27,Femenina,4232.585451
183,2012,Tamaulipas,28,28,Masculina,12279.24514
184,2012,Tamaulipas,28,28,Femenina,2374.752806
185,2012,Tlaxcala,29,29,Masculina,12235.6609
186,2012,Tlaxcala,29,29,Femenina,2837.24235
187,2012,Veracruz,30,30,Masculina,198729.9832
188,2012,Veracruz,30,30,Femenina,46436.62114
189,2012,Yucatan,31,31,Masculina,198464.4945
190,2012,Yucatan,31,31,Femenina,43995.38257
191,2012,Zacatecas,32,32,Masculina,1912.906422
192,2012,Zacatecas,32,32,Femenina,314.1294522
193,2013,Aguascalientes,1,1,Masculina,1257.410028
194,2013,Aguascalientes,1,1,Femenina,228.1616192
195,2013,Baja California,2,2,Masculina,17390.54612
196,2013,Baja California,2,2,Femenina,4288.458466
197,2013,Baja California Sur,3,3,Masculina,4777.395011
198,2013,Baja California Sur,3,3,Femenina,894.1214594
199,2013,Campeche,4,4,Masculina,38020.98423
200,2013,Campeche,4,4,Femenina,7158.120074
201,2013,Coahuila,5,5,Masculina,2969.485162
202,2013,Coahuila,5,5,Femenina,636.8209585
203,2013,Colima,6,6,Masculina,1711.786702
204,2013,Colima,6,6,Femenina,321.7070969
205,2013,Chiapas,7,7,Masculina,265266.2964
206,2013,Chiapas,7,7,Femenina,42461.10101
207,2013,Chihuahua,8,8,Masculina,29647.16656
208,2013,Chihuahua,8,8,Femenina,6364.690886
209,2013,Distrito Federal,9,9,Masculina,51115.17683
210,2013,Distrito Federal,9,9,Femenina,16886.24522
211,2013,Durango,10,10,Masculina,7121.252701
212,2013,Durango,10,10,Femenina,1749.711816
213,2013,Guanajuato,11,11,Masculina,5791.263791
214,2013,Guanajuato,11,11,Femenina,1307.579197
215,2013,Guerrero,12,12,Masculina,102380.1034
216,2013,Guerrero,12,12,Femenina,30239.57254
217,2013,Hidalgo,13,13,Masculina,110245.3311
218,2013,Hidalgo,13,13,Femenina,26648.08015
219,2013,Jalisco,14,14,Masculina,16669.40555
220,2013,Jalisco,14,14,Femenina,3639.465593
221,2013,Mexico,15,15,Masculina,173558.0655
222,2013,Mexico,15,15,Femenina,47142.95805
223,2013,Michoacan,16,16,Masculina,38548.83156
224,2013,Michoacan,16,16,Femenina,9666.928798
225,2013,Morelos,17,17,Masculina,12482.81138
226,2013,Morelos,17,17,Femenina,3600.684743
227,2013,Nayarit,18,18,Masculina,12311.89443
228,2013,Nayarit,18,18,Femenina,2773.089212
229,2013,Nuevo Leon,19,19,Masculina,16925.04925
230,2013,Nuevo Leon,19,19,Femenina,2115.021903
231,2013,Oaxaca,20,20,Masculina,319311.9673
232,2013,Oaxaca,20,20,Femenina,97867.73344
233,2013,Puebla,21,21,Masculina,180701.0439
234,2013,Puebla,21,21,Femenina,55041.39362
235,2013,Queretaro,22,22,Masculina,9897.243008
236,2013,Queretaro,22,22,Femenina,2798.670233
237,2013,Quintana Roo,23,23,Masculina,90817.99077
238,2013,Quintana Roo,23,23,Femenina,18325.5104
239,2013,San Luis Potosi,24,24,Masculina,71052.04635
240,2013,San Luis Potosi,24,24,Femenina,12494.18005
241,2013,Sinaloa,25,25,Masculina,10015.67546
242,2013,Sinaloa,25,25,Femenina,2318.796716
243,2013,Sonora,26,26,Masculina,25131.35343
244,2013,Sonora,26,26,Femenina,6077.001546
245,2013,Tabasco,27,27,Masculina,23522.22923
246,2013,Tabasco,27,27,Femenina,4383.691206
247,2013,Tamaulipas,28,28,Masculina,12425.12646
248,2013,Tamaulipas,28,28,Femenina,2439.568074
249,2013,Tlaxcala,29,29,Masculina,12508.44641
250,2013,Tlaxcala,29,29,Femenina,2940.749733
251,2013,Veracruz,30,30,Masculina,201468.4091
252,2013,Veracruz,30,30,Femenina,47736.40997
253,2013,Yucatan,31,31,Masculina,202352.3001
254,2013,Yucatan,31,31,Femenina,45486.60854
255,2013,Zacatecas,32,32,Masculina,1931.65501
256,2013,Zacatecas,32,32,Femenina,322.1932343
257,2014,Aguascalientes,1,1,Masculina,1283.096684
258,2014,Aguascalientes,1,1,Femenina,235.8546624
259,2014,Baja California,2,2,Masculina,17715.00022
260,2014,Baja California,2,2,Femenina,4430.930199
261,2014,Baja California Sur,3,3,Masculina,4917.810859
262,2014,Baja California Sur,3,3,Femenina,933.9284767
263,2014,Campeche,4,4,Masculina,38915.08077
264,2014,Campeche,4,4,Femenina,7447.386217
265,2014,Coahuila,5,5,Masculina,3014.579489
266,2014,Coahuila,5,5,Femenina,656.3324365
267,2014,Colima,6,6,Masculina,1746.318176
268,2014,Colima,6,6,Femenina,332.5040099
269,2014,Chiapas,7,7,Masculina,270141.5664
270,2014,Chiapas,7,7,Femenina,43976.93959
271,2014,Chihuahua,8,8,Masculina,30028.412
272,2014,Chihuahua,8,8,Femenina,6538.410085
273,2014,Distrito Federal,9,9,Masculina,51055.61893
274,2014,Distrito Federal,9,9,Femenina,17102.22169
275,2014,Durango,10,10,Masculina,7219.945508
276,2014,Durango,10,10,Femenina,1799.475992
277,2014,Guanajuato,11,11,Masculina,5862.90161
278,2014,Guanajuato,11,11,Femenina,1345.362564
279,2014,Guerrero,12,12,Masculina,103463.2907
280,2014,Guerrero,12,12,Femenina,30971.10248
281,2014,Hidalgo,13,13,Masculina,112415.943
282,2014,Hidalgo,13,13,Femenina,27552.65757
283,2014,Jalisco,14,14,Masculina,16880.88894
284,2014,Jalisco,14,14,Femenina,3737.247277
285,2014,Mexico,15,15,Masculina,177609.5445
286,2014,Mexico,15,15,Femenina,49063.3171
287,2014,Michoacan,16,16,Masculina,39017.64528
288,2014,Michoacan,16,16,Femenina,9926.540642
289,2014,Morelos,17,17,Masculina,12693.22062
290,2014,Morelos,17,17,Femenina,3709.926768
291,2014,Nayarit,18,18,Masculina,12557.61733
292,2014,Nayarit,18,18,Femenina,2865.034025
293,2014,Nuevo Leon,19,19,Masculina,17004.98106
294,2014,Nuevo Leon,19,19,Femenina,2173.261819
295,2014,Oaxaca,20,20,Masculina,322460.9547
296,2014,Oaxaca,20,20,Femenina,100228.1285
297,2014,Puebla,21,21,Masculina,183619.191
298,2014,Puebla,21,21,Femenina,56735.4071
299,2014,Queretaro,22,22,Masculina,10121.09013
300,2014,Queretaro,22,22,Femenina,2908.293999
301,2014,Quintana Roo,23,23,Masculina,94441.92416
302,2014,Quintana Roo,23,23,Femenina,19362.33525
303,2014,San Luis Potosi,24,24,Masculina,72116.25448
304,2014,San Luis Potosi,24,24,Femenina,12856.10764
305,2014,Sinaloa,25,25,Masculina,10173.39774
306,2014,Sinaloa,25,25,Femenina,2392.253594
307,2014,Sonora,26,26,Masculina,25714.7835
308,2014,Sonora,26,26,Femenina,6294.6031
309,2014,Tabasco,27,27,Masculina,23978.39057
310,2014,Tabasco,27,27,Femenina,4538.295041
311,2014,Tamaulipas,28,28,Masculina,12569.29318
312,2014,Tamaulipas,28,28,Femenina,2504.809473
313,2014,Tlaxcala,29,29,Masculina,12786.5923
314,2014,Tlaxcala,29,29,Femenina,3047.761267
315,2014,Veracruz,30,30,Masculina,204203.2212
316,2014,Veracruz,30,30,Femenina,49058.5351
317,2014,Yucatan,31,31,Masculina,206261.6076
318,2014,Yucatan,31,31,Femenina,47015.08443
319,2014,Zacatecas,32,32,Masculina,1950.141194
320,2014,Zacatecas,32,32,Femenina,330.2929562
321,2015,Aguascalientes,1,1,Masculina,1308.434603
322,2015,Aguascalientes,1,1,Femenina,243.6461379
323,2015,Baja California,2,2,Masculina,18033.48853
324,2015,Baja California,2,2,Femenina,4574.546683
325,2015,Baja California Sur,3,3,Masculina,5056.603866
326,2015,Baja California Sur,3,3,Femenina,974.5116384
327,2015,Campeche,4,4,Masculina,39817.01067
328,2015,Campeche,4,4,Femenina,7745.511828
329,2015,Coahuila,5,5,Masculina,3059.311572
330,2015,Coahuila,5,5,Femenina,676.0643875
331,2015,Colima,6,6,Masculina,1779.895548
332,2015,Colima,6,6,Femenina,343.4053896
333,2015,Chiapas,7,7,Masculina,275079.1733
334,2015,Chiapas,7,7,Femenina,45528.69297
335,2015,Chihuahua,8,8,Masculina,30405.0509
336,2015,Chihuahua,8,8,Femenina,6713.580426
337,2015,Distrito Federal,9,9,Masculina,50976.89284
338,2015,Distrito Federal,9,9,Femenina,17312.39568
339,2015,Durango,10,10,Masculina,7317.337453
340,2015,Durango,10,10,Femenina,1849.791055
341,2015,Guanajuato,11,11,Masculina,5934.022212
342,2015,Guanajuato,11,11,Femenina,1383.760125
343,2015,Guerrero,12,12,Masculina,104541.7507
344,2015,Guerrero,12,12,Femenina,31712.24955
345,2015,Hidalgo,13,13,Masculina,114586.889
346,2015,Hidalgo,13,13,Femenina,28479.15317
347,2015,Jalisco,14,14,Masculina,17080.6648
348,2015,Jalisco,14,14,Femenina,3835.388019
349,2015,Mexico,15,15,Masculina,181648.0604
350,2015,Mexico,15,15,Femenina,51031.70301
351,2015,Michoacan,16,16,Masculina,39473.51289
352,2015,Michoacan,16,16,Femenina,10190.28712
353,2015,Morelos,17,17,Masculina,12901.11337
354,2015,Morelos,17,17,Femenina,3820.407709
355,2015,Nayarit,18,18,Masculina,12799.61497
356,2015,Nayarit,18,18,Femenina,2958.399935
357,2015,Nuevo Leon,19,19,Masculina,17087.22868
358,2015,Nuevo Leon,19,19,Femenina,2232.221622
359,2015,Oaxaca,20,20,Masculina,325651.6829
360,2015,Oaxaca,20,20,Femenina,102625.7191
361,2015,Puebla,21,21,Masculina,186550.3714
362,2015,Puebla,21,21,Femenina,58463.91232
363,2015,Queretaro,22,22,Masculina,10342.79188
364,2015,Queretaro,22,22,Femenina,3020.828416
365,2015,Quintana Roo,23,23,Masculina,98081.65275
366,2015,Quintana Roo,23,23,Femenina,20432.60007
367,2015,San Luis Potosi,24,24,Masculina,73185.63637
368,2015,San Luis Potosi,24,24,Femenina,13225.69785
369,2015,Sinaloa,25,25,Masculina,10330.85623
370,2015,Sinaloa,25,25,Femenina,2467.062773
371,2015,Sonora,26,26,Masculina,26299.27157
372,2015,Sonora,26,26,Femenina,6517.179607
373,2015,Tabasco,27,27,Masculina,24433.37942
374,2015,Tabasco,27,27,Femenina,4696.344968
375,2015,Tamaulipas,28,28,Masculina,12711.44806
376,2015,Tamaulipas,28,28,Femenina,2570.601919
377,2015,Tlaxcala,29,29,Masculina,13069.10464
378,2015,Tlaxcala,29,29,Femenina,3158.191945
379,2015,Veracruz,30,30,Masculina,206920.3101
380,2015,Veracruz,30,30,Femenina,50401.12488
381,2015,Yucatan,31,31,Masculina,210193.2938
382,2015,Yucatan,31,31,Femenina,48580.28874
383,2015,Zacatecas,32,32,Masculina,1968.297852
384,2015,Zacatecas,32,32,Femenina,338.4320229
385,2016,Aguascalientes,1,1,Masculina,1333.394708
386,2016,Aguascalientes,1,1,Femenina,251.5215603
387,2016,Baja California,2,2,Masculina,18344.56889
388,2016,Baja California,2,2,Femenina,4718.957843
389,2016,Baja California Sur,3,3,Masculina,5194.012983
390,2016,Baja California Sur,3,3,Femenina,1015.858786
391,2016,Campeche,4,4,Masculina,40723.17653
392,2016,Campeche,4,4,Femenina,8052.55621
393,2016,Coahuila,5,5,Masculina,3103.171982
394,2016,Coahuila,5,5,Femenina,695.9735034
395,2016,Colima,6,6,Masculina,1812.515021
396,2016,Colima,6,6,Femenina,354.3824332
397,2016,Chiapas,7,7,Masculina,280014.9218
398,2016,Chiapas,7,7,Femenina,47111.84117
399,2016,Chihuahua,8,8,Masculina,30776.03975
400,2016,Chihuahua,8,8,Femenina,6889.868601
401,2016,Distrito Federal,9,9,Masculina,50878.55626
402,2016,Distrito Federal,9,9,Femenina,17516.17104
403,2016,Durango,10,10,Masculina,7412.415507
404,2016,Durango,10,10,Femenina,1900.497612
405,2016,Guanajuato,11,11,Masculina,6004.303026
406,2016,Guanajuato,11,11,Femenina,1422.713255
407,2016,Guerrero,12,12,Masculina,105602.4725
408,2016,Guerrero,12,12,Femenina,32458.6818
409,2016,Hidalgo,13,13,Masculina,116744.4489
410,2016,Hidalgo,13,13,Femenina,29426.66169
411,2016,Jalisco,14,14,Masculina,17266.17513
412,2016,Jalisco,14,14,Femenina,3933.777254
413,2016,Mexico,15,15,Masculina,185669.7016
414,2016,Mexico,15,15,Femenina,53047.44638
415,2016,Michoacan,16,16,Masculina,39912.58423
416,2016,Michoacan,16,16,Femenina,10457.98946
417,2016,Morelos,17,17,Masculina,13105.04482
418,2016,Morelos,17,17,Femenina,3932.044487
419,2016,Nayarit,18,18,Masculina,13036.54812
420,2016,Nayarit,18,18,Femenina,3053.025483
421,2016,Nuevo Leon,19,19,Masculina,17169.24068
422,2016,Nuevo Leon,19,19,Femenina,2291.655435
423,2016,Oaxaca,20,20,Masculina,328845.188
424,2016,Oaxaca,20,20,Femenina,105052.7216
425,2016,Puebla,21,21,Masculina,189453.2544
426,2016,Puebla,21,21,Femenina,60220.7777
427,2016,Queretaro,22,22,Masculina,10562.0598
428,2016,Queretaro,22,22,Femenina,3136.219217
429,2016,Quintana Roo,23,23,Masculina,101733.2078
430,2016,Quintana Roo,23,23,Femenina,21536.05468
431,2016,San Luis Potosi,24,24,Masculina,74251.20252
432,2016,San Luis Potosi,24,24,Femenina,13602.20492
433,2016,Sinaloa,25,25,Masculina,10488.31767
434,2016,Sinaloa,25,25,Femenina,2543.215684
435,2016,Sonora,26,26,Masculina,26884.41661
436,2016,Sonora,26,26,Femenina,6745.134049
437,2016,Tabasco,27,27,Masculina,24883.60973
438,2016,Tabasco,27,27,Femenina,4857.705943
439,2016,Tamaulipas,28,28,Masculina,12850.684
440,2016,Tamaulipas,28,28,Femenina,2636.844042
441,2016,Tlaxcala,29,29,Masculina,13354.39217
442,2016,Tlaxcala,29,29,Femenina,3272.057316
443,2016,Veracruz,30,30,Masculina,209583.1012
444,2016,Veracruz,30,30,Femenina,51761.27586
445,2016,Yucatan,31,31,Masculina,214132.1251
446,2016,Yucatan,31,31,Femenina,50182.02377
447,2016,Zacatecas,32,32,Masculina,1985.763253
448,2016,Zacatecas,32,32,Femenina,346.5777499
449,2017,Aguascalientes,1,1,Masculina,1357.941394
450,2017,Aguascalientes,1,1,Femenina,259.4810016
451,2017,Baja California,2,2,Masculina,18646.34175
452,2017,Baja California,2,2,Femenina,4863.731925
453,2017,Baja California Sur,3,3,Masculina,5329.91692
454,2017,Baja California Sur,3,3,Femenina,1057.924088
455,2017,Campeche,4,4,Masculina,41629.00647
456,2017,Campeche,4,4,Femenina,8368.344484
457,2017,Coahuila,5,5,Masculina,3146.461187
458,2017,Coahuila,5,5,Femenina,716.0513526
459,2017,Colima,6,6,Masculina,1844.225657
460,2017,Colima,6,6,Femenina,365.3957188
461,2017,Chiapas,7,7,Masculina,284874.9714
462,2017,Chiapas,7,7,Femenina,48721.11004
463,2017,Chihuahua,8,8,Masculina,31142.98332
464,2017,Chihuahua,8,8,Femenina,7067.188555
465,2017,Distrito Federal,9,9,Masculina,50760.35062
466,2017,Distrito Federal,9,9,Femenina,17713.143
467,2017,Durango,10,10,Masculina,7504.324694
468,2017,Durango,10,10,Femenina,1951.394634
469,2017,Guanajuato,11,11,Masculina,6072.54224
470,2017,Guanajuato,11,11,Femenina,1462.037999
471,2017,Guerrero,12,12,Masculina,106621.2806
472,2017,Guerrero,12,12,Femenina,33206.23629
473,2017,Hidalgo,13,13,Masculina,118892.8158
474,2017,Hidalgo,13,13,Femenina,30395.80269
475,2017,Jalisco,14,14,Masculina,17437.84975
476,2017,Jalisco,14,14,Femenina,4032.334642
477,2017,Mexico,15,15,Masculina,189661.3348
478,2017,Mexico,15,15,Femenina,55111.0038
479,2017,Michoacan,16,16,Masculina,40333.61308
480,2017,Michoacan,16,16,Femenina,10729.34803
481,2017,Morelos,17,17,Masculina,13306.55109
482,2017,Morelos,17,17,Femenina,4045.059956
483,2017,Nayarit,18,18,Masculina,13267.98666
484,2017,Nayarit,18,18,Femenina,3148.791244
485,2017,Nuevo Leon,19,19,Masculina,17250.47408
486,2017,Nuevo Leon,19,19,Femenina,2351.474451
487,2017,Oaxaca,20,20,Masculina,331981.5042
488,2017,Oaxaca,20,20,Femenina,107505.4968
489,2017,Puebla,21,21,Masculina,192336.0658
490,2017,Puebla,21,21,Femenina,62009.70928
491,2017,Queretaro,22,22,Masculina,10778.2171
492,2017,Queretaro,22,22,Femenina,3254.422847
493,2017,Quintana Roo,23,23,Masculina,105393.4855
494,2017,Quintana Roo,23,23,Femenina,22672.80948
495,2017,San Luis Potosi,24,24,Masculina,75309.94388
496,2017,San Luis Potosi,24,24,Femenina,13985.18162
497,2017,Sinaloa,25,25,Masculina,10645.42145
498,2017,Sinaloa,25,25,Femenina,2620.72312
499,2017,Sonora,26,26,Masculina,27471.43989
500,2017,Sonora,26,26,Femenina,6978.832465
501,2017,Tabasco,27,27,Masculina,25328.77053
502,2017,Tabasco,27,27,Femenina,5022.355609
503,2017,Tamaulipas,28,28,Masculina,12987.24071
504,2017,Tamaulipas,28,28,Femenina,2703.319969
505,2017,Tlaxcala,29,29,Masculina,13642.01943
506,2017,Tlaxcala,29,29,Femenina,3389.602666
507,2017,Veracruz,30,30,Masculina,212176.6251
508,2017,Veracruz,30,30,Femenina,53137.80261
509,2017,Yucatan,31,31,Masculina,218045.2091
510,2017,Yucatan,31,31,Femenina,51818.77911
511,2017,Zacatecas,32,32,Masculina,2002.218261
512,2017,Zacatecas,32,32,Femenina,354.7048429
513,2018,Aguascalientes,1,1,Masculina,1382.090037
514,2018,Aguascalientes,1,1,Femenina,267.5408773
515,2018,Baja California,2,2,Masculina,18937.94321
516,2018,Baja California,2,2,Femenina,5008.764769
517,2018,Baja California Sur,3,3,Masculina,5464.050352
518,2018,Baja California Sur,3,3,Femenina,1100.664799
519,2018,Campeche,4,4,Masculina,42534.94215
520,2018,Campeche,4,4,Femenina,8692.978419
521,2018,Coahuila,5,5,Masculina,3189.444396
522,2018,Coahuila,5,5,Femenina,736.2915971
523,2018,Colima,6,6,Masculina,1875.318872
524,2018,Colima,6,6,Femenina,376.4391215
525,2018,Chiapas,7,7,Masculina,289679.0202
526,2018,Chiapas,7,7,Femenina,50356.22673
527,2018,Chihuahua,8,8,Masculina,31501.64889
528,2018,Chihuahua,8,8,Femenina,7245.501391
529,2018,Distrito Federal,9,9,Masculina,50625.53953
530,2018,Distrito Federal,9,9,Femenina,17903.44352
531,2018,Durango,10,10,Masculina,7592.383029
532,2018,Durango,10,10,Femenina,2002.396667
533,2018,Guanajuato,11,11,Masculina,6138.630558
534,2018,Guanajuato,11,11,Femenina,1501.694339
535,2018,Guerrero,12,12,Masculina,107610.0899
536,2018,Guerrero,12,12,Femenina,33958.71057
537,2018,Hidalgo,13,13,Masculina,121031.0657
538,2018,Hidalgo,13,13,Femenina,31388.16408
539,2018,Jalisco,14,14,Masculina,17599.00292
540,2018,Jalisco,14,14,Femenina,4131.017915
541,2018,Mexico,15,15,Masculina,193606.8074
542,2018,Mexico,15,15,Femenina,57220.31617
543,2018,Michoacan,16,16,Masculina,40741.02785
544,2018,Michoacan,16,16,Femenina,11004.59363
545,2018,Morelos,17,17,Masculina,13505.9734
546,2018,Morelos,17,17,Femenina,4159.532743
547,2018,Nayarit,18,18,Masculina,13492.92228
548,2018,Nayarit,18,18,Femenina,3245.670564
549,2018,Nuevo Leon,19,19,Masculina,17328.65693
550,2018,Nuevo Leon,19,19,Femenina,2411.671956
551,2018,Oaxaca,20,20,Masculina,335061.1696
552,2018,Oaxaca,20,20,Femenina,109989.7938
553,2018,Puebla,21,21,Masculina,195232.6565
554,2018,Puebla,21,21,Femenina,63837.24813
555,2018,Queretaro,22,22,Masculina,10991.4663
556,2018,Queretaro,22,22,Femenina,3375.429524
557,2018,Quintana Roo,23,23,Masculina,109059.5507
558,2018,Quintana Roo,23,23,Femenina,23843.0375
559,2018,San Luis Potosi,24,24,Masculina,76362.4161
560,2018,San Luis Potosi,24,24,Femenina,14375.14599
561,2018,Sinaloa,25,25,Masculina,10801.51238
562,2018,Sinaloa,25,25,Femenina,2699.615948
563,2018,Sonora,26,26,Masculina,28059.50758
564,2018,Sonora,26,26,Femenina,7218.412275
565,2018,Tabasco,27,27,Masculina,25771.32747
566,2018,Tabasco,27,27,Femenina,5190.412702
567,2018,Tamaulipas,28,28,Masculina,13120.15335
568,2018,Tamaulipas,28,28,Femenina,2769.896496
569,2018,Tlaxcala,29,29,Masculina,13932.28778
570,2018,Tlaxcala,29,29,Femenina,3511.081945
571,2018,Veracruz,30,30,Masculina,214724.7504
572,2018,Veracruz,30,30,Femenina,54533.12922
573,2018,Yucatan,31,31,Masculina,221941.0409
574,2018,Yucatan,31,31,Femenina,53490.79602
575,2018,Zacatecas,32,32,Masculina,2017.691159
576,2018,Zacatecas,32,32,Femenina,362.8277827
577,2019,Aguascalientes,1,1,Masculina,1405.833969
578,2019,Aguascalientes,1,1,Femenina,275.7195376
579,2019,Baja California,2,2,Masculina,19218.35064
580,2019,Baja California,2,2,Femenina,5153.851996
581,2019,Baja California Sur,3,3,Masculina,5596.411207
582,2019,Baja California Sur,3,3,Femenina,1144.012025
583,2019,Campeche,4,4,Masculina,43443.5524
584,2019,Campeche,4,4,Femenina,9026.528354
585,2019,Coahuila,5,5,Masculina,3232.186134
586,2019,Coahuila,5,5,Femenina,756.6815724
587,2019,Colima,6,6,Masculina,1905.760664
588,2019,Colima,6,6,Femenina,387.5045818
589,2019,Chiapas,7,7,Masculina,294514.9936
590,2019,Chiapas,7,7,Femenina,52023.09055
591,2019,Chihuahua,8,8,Masculina,31850.63716
592,2019,Chihuahua,8,8,Femenina,7425.193164
593,2019,Distrito Federal,9,9,Masculina,50479.1267
594,2019,Distrito Federal,9,9,Femenina,18087.22965
595,2019,Durango,10,10,Masculina,7677.446778
596,2019,Durango,10,10,Femenina,2053.623526
597,2019,Guanajuato,11,11,Masculina,6203.454736
598,2019,Guanajuato,11,11,Femenina,1541.706756
599,2019,Guerrero,12,12,Masculina,108592.588
600,2019,Guerrero,12,12,Femenina,34719.03551
601,2019,Hidalgo,13,13,Masculina,123149.2005
602,2019,Hidalgo,13,13,Femenina,32405.12552
603,2019,Jalisco,14,14,Masculina,17750.26987
604,2019,Jalisco,14,14,Femenina,4229.743038
605,2019,Mexico,15,15,Masculina,197518.2823
606,2019,Mexico,15,15,Femenina,59375.15885
607,2019,Michoacan,16,16,Masculina,41138.32824
608,2019,Michoacan,16,16,Femenina,11284.13062
609,2019,Morelos,17,17,Masculina,13703.22056
610,2019,Morelos,17,17,Femenina,4275.537815
611,2019,Nayarit,18,18,Masculina,13711.4693
612,2019,Nayarit,18,18,Femenina,3343.778659
613,2019,Nuevo Leon,19,19,Masculina,17403.48892
614,2019,Nuevo Leon,19,19,Femenina,2472.187732
615,2019,Oaxaca,20,20,Masculina,338152.2842
616,2019,Oaxaca,20,20,Femenina,112512.8045
617,2019,Puebla,21,21,Masculina,198159.9658
618,2019,Puebla,21,21,Femenina,65704.86188
619,2019,Queretaro,22,22,Masculina,11202.71546
620,2019,Queretaro,22,22,Femenina,3499.199338
621,2019,Quintana Roo,23,23,Masculina,112727.6388
622,2019,Quintana Roo,23,23,Femenina,25046.42207
623,2019,San Luis Potosi,24,24,Masculina,77407.21388
624,2019,San Luis Potosi,24,24,Femenina,14772.77808
625,2019,Sinaloa,25,25,Masculina,10956.58565
626,2019,Sinaloa,25,25,Femenina,2779.867802
627,2019,Sonora,26,26,Masculina,28647.76334
628,2019,Sonora,26,26,Femenina,7463.793783
629,2019,Tabasco,27,27,Masculina,26213.10589
630,2019,Tabasco,27,27,Femenina,5361.902078
631,2019,Tamaulipas,28,28,Masculina,13248.41139
632,2019,Tamaulipas,28,28,Femenina,2836.462513
633,2019,Tlaxcala,29,29,Masculina,14225.42202
634,2019,Tlaxcala,29,29,Femenina,3636.489904
635,2019,Veracruz,30,30,Masculina,217244.9446
636,2019,Veracruz,30,30,Femenina,55947.99179
637,2019,Yucatan,31,31,Masculina,225847.926
638,2019,Yucatan,31,31,Femenina,55198.97362
639,2019,Zacatecas,32,32,Masculina,2032.278177
640,2019,Zacatecas,32,32,Femenina,370.9696396
641,2020,Aguascalientes,1,1,Masculina,1429.047703
642,2020,Aguascalientes,1,1,Femenina,284.0144096
643,2020,Baja California,2,2,Masculina,19486.92852
644,2020,Baja California,2,2,Femenina,5298.720729
645,2020,Baja California Sur,3,3,Masculina,5727.029438
646,2020,Baja California Sur,3,3,Femenina,1187.893935
647,2020,Campeche,4,4,Masculina,44352.72887
648,2020,Campeche,4,4,Femenina,9369.080567
649,2020,Coahuila,5,5,Masculina,3274.862805
650,2020,Coahuila,5,5,Femenina,777.1739543
651,2020,Colima,6,6,Masculina,1935.212835
652,2020,Colima,6,6,Femenina,398.5669836
653,2020,Chiapas,7,7,Masculina,299331.8438
654,2020,Chiapas,7,7,Femenina,53722.76494
655,2020,Chihuahua,8,8,Masculina,32190.03527
656,2020,Chihuahua,8,8,Femenina,7605.955891
657,2020,Distrito Federal,9,9,Masculina,50322.99816
658,2020,Distrito Federal,9,9,Femenina,18264.49165
659,2020,Durango,10,10,Masculina,7760.056079
660,2020,Durango,10,10,Femenina,2105.042959
661,2020,Guanajuato,11,11,Masculina,6266.256891
662,2020,Guanajuato,11,11,Femenina,1581.862506
663,2020,Guerrero,12,12,Masculina,109556.502
664,2020,Guerrero,12,12,Femenina,35484.35682
665,2020,Hidalgo,13,13,Masculina,125238.0287
666,2020,Hidalgo,13,13,Femenina,33445.69974
667,2020,Jalisco,14,14,Masculina,17890.37977
668,2020,Jalisco,14,14,Femenina,4328.24205
669,2020,Mexico,15,15,Masculina,201390.4579
670,2020,Mexico,15,15,Femenina,61574.72301
671,2020,Michoacan,16,16,Masculina,41520.46385
672,2020,Michoacan,16,16,Femenina,11567.72765
673,2020,Morelos,17,17,Masculina,13898.34824
674,2020,Morelos,17,17,Femenina,4392.915356
675,2020,Nayarit,18,18,Masculina,13923.98024
676,2020,Nayarit,18,18,Femenina,3443.006398
677,2020,Nuevo Leon,19,19,Masculina,17476.90589
678,2020,Nuevo Leon,19,19,Femenina,2532.929565
679,2020,Oaxaca,20,20,Masculina,341234.528
680,2020,Oaxaca,20,20,Femenina,115069.5441
681,2020,Puebla,21,21,Masculina,201058.0437
682,2020,Puebla,21,21,Femenina,67604.16344
683,2020,Queretaro,22,22,Masculina,11411.05333
684,2020,Queretaro,22,22,Femenina,3625.639923
685,2020,Quintana Roo,23,23,Masculina,116393.032
686,2020,Quintana Roo,23,23,Femenina,26282.03175
687,2020,San Luis Potosi,24,24,Masculina,78434.46104
688,2020,San Luis Potosi,24,24,Femenina,15177.70388
689,2020,Sinaloa,25,25,Masculina,11109.34489
690,2020,Sinaloa,25,25,Femenina,2861.297075
691,2020,Sonora,26,26,Masculina,29237.29633
692,2020,Sonora,26,26,Femenina,7714.576744
693,2020,Tabasco,27,27,Masculina,26651.8474
694,2020,Tabasco,27,27,Femenina,5536.624845
695,2020,Tamaulipas,28,28,Masculina,13373.21524
696,2020,Tamaulipas,28,28,Femenina,2902.917153
697,2020,Tlaxcala,29,29,Masculina,14520.38232
698,2020,Tlaxcala,29,29,Femenina,3765.636417
699,2020,Veracruz,30,30,Masculina,219713.1623
700,2020,Veracruz,30,30,Femenina,57379.51179
701,2020,Yucatan,31,31,Masculina,229765.8925
702,2020,Yucatan,31,31,Femenina,56943.19079
703,2020,Zacatecas,32,32,Masculina,2045.601285
704,2020,Zacatecas,32,32,Femenina,379.0868317
